{"options":{"awareOfChrome":false,"check_for_updates":true,"comment":null,"compat_arrayleft":false,"compat_foreach":false,"compat_forvarin":false,"compat_metadata":false,"compat_uW_gmonkey":false,"compat_wrappedjsobject":false,"compatopts_for_requires":true,"noframes":null,"override":{"merge_connects":true,"merge_excludes":true,"merge_includes":true,"merge_matches":true,"orig_connects":[],"orig_excludes":["*://www.bilibili.com/*"],"orig_includes":["*"],"orig_matches":[],"orig_noframes":null,"orig_run_at":"document-body","use_blockers":[],"use_connects":[],"use_excludes":[],"use_includes":[],"use_matches":[]},"run_at":null},"settings":{"enabled":true,"position":8},"meta":{"name":"AC-baidu： 优化百度、搜狗、谷歌搜索结果之关键词自动高亮","uuid":"fd76f2f6-c91f-4319-a169-038649af6981","modified":1576390406421,"file_url":"https://greasyfork.org/scripts/368418-ac-baidu-%E4%BC%98%E5%8C%96%E7%99%BE%E5%BA%A6-%E6%90%9C%E7%8B%97-%E8%B0%B7%E6%AD%8C%E6%90%9C%E7%B4%A2%E7%BB%93%E6%9E%9C%E4%B9%8B%E5%85%B3%E9%94%AE%E8%AF%8D%E8%87%AA%E5%8A%A8%E9%AB%98%E4%BA%AE/code/AC-baidu%EF%BC%9A%20%E4%BC%98%E5%8C%96%E7%99%BE%E5%BA%A6%E3%80%81%E6%90%9C%E7%8B%97%E3%80%81%E8%B0%B7%E6%AD%8C%E6%90%9C%E7%B4%A2%E7%BB%93%E6%9E%9C%E4%B9%8B%E5%85%B3%E9%94%AE%E8%AF%8D%E8%87%AA%E5%8A%A8%E9%AB%98%E4%BA%AE.user.js"}}