{"options":{"awareOfChrome":false,"check_for_updates":true,"comment":null,"compat_arrayleft":false,"compat_foreach":false,"compat_forvarin":false,"compat_metadata":false,"compat_uW_gmonkey":false,"compat_wrappedjsobject":false,"compatopts_for_requires":true,"noframes":null,"override":{"merge_connects":true,"merge_excludes":true,"merge_includes":true,"merge_matches":true,"orig_connects":[],"orig_excludes":["*://*.youtube.com/subscribe_embed?*"],"orig_includes":[],"orig_matches":["*://*.youtube.com/*"],"orig_noframes":null,"orig_run_at":"document-idle","use_blockers":[],"use_connects":[],"use_excludes":[],"use_includes":[],"use_matches":[]},"run_at":null},"settings":{"enabled":true,"position":15},"meta":{"name":"Auto Close YouTube Ads","uuid":"7e46234e-2629-4112-b980-f61cc6ec0bb5","modified":1576392855443,"file_url":"https://greasyfork.org/scripts/9165-auto-close-youtube-ads/code/Auto%20Close%20YouTube%20Ads.user.js"}}