{"options":{"awareOfChrome":false,"check_for_updates":true,"comment":null,"compat_arrayleft":false,"compat_foreach":false,"compat_forvarin":false,"compat_metadata":false,"compat_uW_gmonkey":false,"compat_wrappedjsobject":false,"compatopts_for_requires":true,"noframes":null,"override":{"merge_connects":true,"merge_excludes":true,"merge_includes":true,"merge_matches":true,"orig_connects":[],"orig_excludes":[],"orig_includes":["http://www.google.*","https://www.google.*","https://encrypted.google.*"],"orig_matches":[],"orig_noframes":true,"orig_run_at":"document-start","use_blockers":[],"use_connects":[],"use_excludes":[],"use_includes":[],"use_matches":[]},"run_at":null},"settings":{"enabled":true,"position":12},"meta":{"name":"Endless Google","uuid":"33890ad7-7dfd-4c53-8c7c-27ab6fb373e6","modified":1576392647863,"file_url":"https://openuserjs.org/install/tumpio/Endless_Google.user.js"}}