{"options":{"awareOfChrome":false,"check_for_updates":true,"comment":null,"compat_arrayleft":false,"compat_foreach":false,"compat_forvarin":false,"compat_metadata":false,"compat_uW_gmonkey":false,"compat_wrappedjsobject":false,"compatopts_for_requires":true,"noframes":null,"override":{"merge_connects":true,"merge_excludes":true,"merge_includes":true,"merge_matches":true,"orig_connects":[],"orig_excludes":[],"orig_includes":[],"orig_matches":["https://www.instagram.com/*","https://*.cdninstagram.com/*"],"orig_noframes":null,"orig_run_at":"document-idle","use_blockers":[],"use_connects":[],"use_excludes":[],"use_includes":[],"use_matches":[]},"run_at":null},"settings":{"enabled":true,"position":13},"meta":{"name":"IG Helper: download Instagram pic & vids","uuid":"eb2babb3-01ed-4c29-bf0f-5bddd8b9a0eb","modified":1576392671480,"file_url":"https://greasyfork.org/scripts/22660-ig-helper-download-instagram-pic-vids/code/IG%20Helper:%20download%20Instagram%20pic%20%20vids.user.js"}}