{"options":{"awareOfChrome":false,"check_for_updates":true,"comment":null,"compat_arrayleft":false,"compat_foreach":false,"compat_forvarin":false,"compat_metadata":false,"compat_uW_gmonkey":false,"compat_wrappedjsobject":false,"compatopts_for_requires":true,"noframes":null,"override":{"merge_connects":true,"merge_excludes":true,"merge_includes":true,"merge_matches":true,"orig_connects":["wedata.net","github.io"],"orig_excludes":["http*://mail.google.com/*","http*://maps.google*","http*://www.google.com/reader*","http*://www.google.com/calendar*","https://docs.google.com/*","http*://app.yinxiang.com/*","http*://www.dropbox.com/*","http*://www.toodledo.com/*","http://cloud.feedly.com/*","http://weibo.com/*","http://w.qq.com/*","http://web2.qq.com/*","http://openapi.qzone.qq.com/*","http://*cloud.vip.xunlei.com/*","http*://www.wumii.com/*","http://pan.baidu.com/*","http://yun.baidu.com/*","http://www.cnbeta.com/*","http://www.youku.com/","http://v.youku.com/*","http://www.iqiyi.com/*","http://www.duokan.com/reader/*","https://www.kohls.com/*","http://list.jd.com/*","http*://eclick.baidu.com/*","http*://googleads.g.doubleclick.net/*","http*://pos.baidu.com/*","http*://tpc.googlesyndication.com/*","http*://ad.doubleclick.net/*","http*://ad.agrantsem.com/*"],"orig_includes":["http*"],"orig_matches":[],"orig_noframes":null,"orig_run_at":"document-idle","use_blockers":[],"use_connects":[],"use_excludes":[],"use_includes":[],"use_matches":[]},"run_at":null},"settings":{"enabled":true,"position":20},"meta":{"name":"Super_preloaderPlus_one_New","uuid":"cfd9ce99-82b7-4966-b3ae-0c5b95985180","modified":1576679414698,"file_url":"https://greasyfork.org/scripts/33522-super-preloaderplus-one-new/code/Super_preloaderPlus_one_New.user.js"}}