{"options":{"awareOfChrome":false,"check_for_updates":true,"comment":null,"compat_arrayleft":false,"compat_foreach":false,"compat_forvarin":false,"compat_metadata":false,"compat_uW_gmonkey":false,"compat_wrappedjsobject":false,"compatopts_for_requires":true,"noframes":null,"override":{"merge_connects":true,"merge_excludes":true,"merge_includes":true,"merge_matches":true,"orig_connects":[],"orig_excludes":[],"orig_includes":[],"orig_matches":["*://v.youku.com/v_show/*","*://*.iqiyi.com/v_*","*://*.iqiyi.com/dianying/*","*://*.le.com/ptv/vplay/*","*://v.qq.com/x/cover/*","*://v.qq.com/x/page/*","*://*.tudou.com/listplay/*","*://*.tudou.com/albumplay/*","*://*.tudou.com/programs/view/*","*://*.mgtv.com/b/*","*://film.sohu.com/album/*","*://*.acfun.cn/v/*","*://*.bilibili.com/video/*","*://*.bilibili.com/anime/*","*://vip.pptv.com/show/*","*://v.yinyuetai.com/video/*","*://v.yinyuetai.com/playlist/*","*://*.wasu.cn/Play/show/*"],"orig_noframes":null,"orig_run_at":"document-end","use_blockers":[],"use_connects":[],"use_excludes":[],"use_includes":[],"use_matches":[]},"run_at":null},"settings":{"enabled":true,"position":4},"meta":{"name":"VIP视频在线解析破解去广告（全网）+ 全网电影搜索 2019.7.29更新可用 无任何垃圾广告","uuid":"69d250d9-215f-4b65-8489-6620eec93187","modified":1576389990736,"file_url":"https://greasyfork.org/scripts/35848-vip%E8%A7%86%E9%A2%91%E5%9C%A8%E7%BA%BF%E8%A7%A3%E6%9E%90%E7%A0%B4%E8%A7%A3%E5%8E%BB%E5%B9%BF%E5%91%8A-%E5%85%A8%E7%BD%91-%E5%85%A8%E7%BD%91%E7%94%B5%E5%BD%B1%E6%90%9C%E7%B4%A2-2019-7-29%E6%9B%B4%E6%96%B0%E5%8F%AF%E7%94%A8-%E6%97%A0%E4%BB%BB%E4%BD%95%E5%9E%83%E5%9C%BE%E5%B9%BF%E5%91%8A/code/VIP%E8%A7%86%E9%A2%91%E5%9C%A8%E7%BA%BF%E8%A7%A3%E6%9E%90%E7%A0%B4%E8%A7%A3%E5%8E%BB%E5%B9%BF%E5%91%8A%EF%BC%88%E5%85%A8%E7%BD%91%EF%BC%89+%20%E5%85%A8%E7%BD%91%E7%94%B5%E5%BD%B1%E6%90%9C%E7%B4%A2%202019729%E6%9B%B4%E6%96%B0%E5%8F%AF%E7%94%A8%20%E6%97%A0%E4%BB%BB%E4%BD%95%E5%9E%83%E5%9C%BE%E5%B9%BF%E5%91%8A.user.js"}}