{"options":{"awareOfChrome":false,"check_for_updates":true,"comment":null,"compat_arrayleft":false,"compat_foreach":false,"compat_forvarin":false,"compat_metadata":false,"compat_uW_gmonkey":false,"compat_wrappedjsobject":false,"compatopts_for_requires":true,"noframes":null,"override":{"merge_connects":true,"merge_excludes":true,"merge_includes":true,"merge_matches":true,"orig_connects":[],"orig_excludes":[],"orig_includes":[],"orig_matches":["*://kaikuapa.xyz/*","*://fcww16.com/*","*://xiaobi006.com/*","*://627.workarea7.live/*"],"orig_noframes":null,"orig_run_at":"document-idle","use_blockers":[],"use_connects":[],"use_excludes":[],"use_includes":[],"use_matches":[]},"run_at":null},"settings":{"enabled":true,"position":19},"meta":{"name":"成大人网站","uuid":"6c6365a5-30eb-46c7-ac43-6e7f3eab9142","modified":1576481094316,"file_url":"https://greasyfork.org/scripts/392829-%E6%88%90%E5%A4%A7%E4%BA%BA%E7%BD%91%E7%AB%99/code/%E6%88%90%E5%A4%A7%E4%BA%BA%E7%BD%91%E7%AB%99.user.js"}}